fixture,backend,agents,completed_repeats,interrupted_attempts,wall_seconds,commands_per_second,peak_delta_bytes,retained_delta_bytes,errors,write_p50_ms,write_p95_ms,fork_p50_ms,fork_p95_ms,collect_p50_ms,collect_p95_ms
synthetic,pi-worktree,64,3,0,38.962862321,39.57614785320587,1060749312,5029888,0,0.401375,2.428497,6848.959446,13155.34366,106.112404,158.862106
synthetic,pi-worktree,128,3,0,55.670921848,55.05567176287222,2119958528,10346496,0,0.466332,4.796827,14347.343281,29387.665902,129.300609,330.359171
synthetic,pi-worktree,192,3,0,72.120586469,63.36609591998186,3181789184,15896576,0,0.460595,8.136264,21693.840917,45791.731029,142.460844,212.496112
synthetic,pi-worktree,256,3,0,96.935211061,63.300011758768434,4235915264,13168640,0,0.501152,7.595627,31711.46621,65531.740209,222.710341,602.088753
synthetic,pi-worktree,384,3,0,152.488064347,60.17520151032414,6372589568,35864576,0,0.535866,10.341095,50192.738789,104293.033911,309.170209,656.077127
synthetic,pi-worktree,448,3,0,180.656081096,59.45551312104612,7448936448,48943104,0,0.54696,12.00931,60421.484574,123646.275494,308.869977,780.432147
synthetic,pi-worktree,500,3,0,207.263201732,57.7333549805553,8309186560,40579072,0,0.559794,12.575065,70258.580361,143527.604904,356.043552,787.730834
synthetic,pi-worktree,576,3,0,245.893157814,56.199205064717795,9573896192,45051904,0,0.572714,15.108579,83080.417702,168917.596253,364.621344,764.027632
synthetic,threadmill-bwrap,64,3,0,39.64289935,38.897255883984684,360882176,263622656,0,0.189111,4.263471,0.024388,0.082492,4165.80934,7311.969718
synthetic,threadmill-bwrap,128,3,0,71.482921323,42.87737466898713,679903232,507899904,0,0.25717,7.491201,0.024108,0.108657,8824.854563,14868.123584
synthetic,threadmill-bwrap,192,3,0,104.029687235,43.92976775635694,1015296000,752762880,0,0.444964,63.668023,0.025737,0.195422,6606.217341,20198.495886
synthetic,threadmill-bwrap,256,3,0,141.155428661,43.46981237778864,1358819328,999243776,0,1.030722,559.59308,0.024561,0.149074,12273.899818,29516.336533
synthetic,threadmill-bwrap,384,3,0,217.73331279,42.14329852616578,2051989504,1487429632,0,1.889819,517.198023,0.026496,0.221979,17644.468275,43210.154267
synthetic,threadmill-bwrap,448,3,0,266.971522489,40.23275553834608,2345050112,1695559680,0,2.121066,617.642797,0.023685,0.078002,30820.376489,67604.031183
synthetic,threadmill-bwrap,500,3,0,335.385724793,35.6783223477547,2553602048,1916465152,0,2.563441,604.615766,0.025896,0.231926,42510.773264,102543.93235
synthetic,threadmill-bwrap,576,3,0,449.110659029,30.769699454199948,3146338304,2230816768,0,3.024088,520.680518,0.023687,0.188561,78844.556693,183699.335251
synthetic,threadmill-external,64,3,0,37.589615842,41.021967515748784,361934848,263819264,0,0.174336,4.116298,0.025392,0.069754,3591.813411,6344.534152
synthetic,threadmill-external,128,3,0,64.623058455,47.428891068879075,676044800,509145088,0,0.215883,4.555033,0.027754,0.077807,7043.38164,14936.958091
synthetic,threadmill-external,192,3,0,89.533017531,51.042622331115766,1001627648,748240896,0,0.348816,111.328755,0.025421,0.078439,6127.531632,20640.775819
synthetic,threadmill-external,256,3,0,122.316543109,50.16492327233303,1321799680,990707712,0,0.697111,624.127435,0.026449,0.199133,8294.209301,30204.304379
synthetic,threadmill-external,384,3,0,197.902009006,46.36638125144956,2016440320,1491329024,0,1.716991,503.117235,0.025759,0.185643,21373.282841,56320.604675
synthetic,threadmill-external,448,3,0,270.218201857,39.74935783816724,2376699904,1729785856,0,1.859213,509.14708,0.023574,0.132856,32985.696293,103282.307654
synthetic,threadmill-external,500,3,0,314.62452135,38.03263632680613,2748858368,1934569472,0,1.754371,542.925005,0.023158,0.251392,47045.912048,111225.145432
synthetic,threadmill-external,576,3,0,448.91124283,30.783368028127494,3225612288,2241499136,0,2.159873,831.278304,0.023134,0.248368,88621.75222,226770.08921
ipython,pi-worktree,64,3,0,30.231013787,51.00722095740944,546357248,5468160,0,0.436072,5.888976,2031.876813,3941.722569,88.003867,122.404021
ipython,pi-worktree,128,3,0,40.453765232,75.76550618767877,1132646400,10596352,0,33.554524,151.967219,4254.366492,9456.008747,135.529051,303.582036
ipython,pi-worktree,192,3,0,60.076878369,76.06919873450258,1701847040,15519744,0,267.094068,1012.872479,6759.909642,17436.761335,159.883689,282.888771
ipython,pi-worktree,256,3,0,85.811404764,71.50564679456457,2261782528,20094976,0,1137.826027,2878.524432,10358.095859,28241.266603,213.973288,315.582201
ipython,pi-worktree,384,3,0,129.802788599,70.69185569154014,3395915776,30982144,0,3253.922892,6970.162131,19234.940137,50060.634979,241.268149,365.239667
ipython,pi-worktree,448,3,0,154.280711182,69.61985019196072,3974483968,36225024,0,4440.496342,8083.324128,25723.158241,62931.659134,258.163757,392.794954
ipython,pi-worktree,500,3,0,174.554971298,68.55147069728345,4428197888,41058304,0,5440.183168,9381.777493,30994.17824,72523.080595,256.505599,394.174688
ipython,pi-worktree,576,3,0,197.25775535,70.05554724822129,5103468544,47243264,0,6512.302674,11041.54294,36660.443123,87354.217405,264.90218,391.50213
ipython,threadmill-bwrap,64,3,0,29.560143573,52.16483459195545,80211968,72208384,0,0.143859,1.838607,0.024449,0.065215,53.21743,71.839138
ipython,threadmill-bwrap,128,3,0,50.481411941,60.71541746063303,154890240,134864896,0,0.155313,3.573547,0.027832,0.079514,57.948843,128.658456
ipython,threadmill-bwrap,192,3,0,71.442446153,63.96757454543145,230125568,197300224,0,0.164228,3.843962,0.022948,0.081377,67.342942,454.880434
ipython,threadmill-bwrap,256,3,0,95.169279119,64.47458735426086,299044864,259989504,0,0.171229,3.164644,0.026328,0.101916,69.879672,808.036871
ipython,threadmill-bwrap,384,3,0,144.543130779,63.482781579082406,439496704,384065536,0,0.173212,3.751121,0.022722,0.06624,75.60966,1349.823521
ipython,threadmill-bwrap,448,3,0,170.570822325,62.970910578917504,508313600,446263296,0,0.173447,3.313575,0.023169,0.089349,67.324097,464.78297
ipython,threadmill-bwrap,500,3,0,191.066415682,62.62743746611924,574500864,496459776,0,0.172955,3.60105,0.025969,0.359598,61.702894,233.607805
ipython,threadmill-bwrap,576,3,0,221.459818099,62.3995816424921,654823424,570605568,0,0.172733,3.6287,0.023318,0.163774,67.721005,2140.126765
ipython,threadmill-external,64,3,0,27.806217904,55.455222473034674,78934016,72142848,0,0.135299,0.415871,0.027354,0.125269,51.420916,63.065851
ipython,threadmill-external,128,3,0,44.308855463,69.17353129465104,156196864,134537216,0,0.154298,2.113718,0.024412,0.072819,59.862357,463.026442
ipython,threadmill-external,192,3,0,61.795217623,73.95394297145512,231174144,196644864,0,0.155017,2.890832,0.022955,0.054845,66.851915,1077.51047
ipython,threadmill-external,256,3,0,81.979507983,74.84797299920872,306561024,260022272,0,0.159277,2.36644,0.02387,0.120325,72.162295,974.642699
ipython,threadmill-external,384,3,0,124.942820604,73.44159476824099,442896384,383344640,0,0.161517,2.656549,0.023103,0.0846,57.453033,124.421787
ipython,threadmill-external,448,3,0,148.351682867,72.40227945125169,511881216,446656512,0,0.163988,3.055814,0.022551,0.07705,62.594016,888.793829
ipython,threadmill-external,500,3,0,166.081979095,72.04875607338089,570859520,496361472,0,0.162039,2.897268,0.024476,0.418852,63.822112,1617.544302
ipython,threadmill-external,576,3,1,193.094115715,71.56613731511295,665186304,572047360,0,0.165512,3.111013,0.023061,0.217362,560.279883,3408.921075
