fixture,backend,agents,repeats,wall_ns_median,errors,commands_per_second_median,physical_peak_delta_bytes_median,physical_retained_delta_bytes_median,write_p50_ns_median,write_p95_ns_median,fork_p50_ns_median,fork_p95_ns_median,collect_p50_ns_median,collect_p95_ns_median
synthetic,pi-shared-cwd,64,3,26181781021,0,58.89591692647593,5935104,5935104,395964,2518030,1943,3211,21756431,46745853
synthetic,pi-shared-cwd,128,3,27520133332,0,111.37300691912215,10735616,10735616,422523,3977312,1762,3643,28216094,69091546
synthetic,pi-shared-cwd,192,3,27733637284,0,164.78184787671213,15007744,15007744,697204,11518259,1103,2630,131450225,389181450
synthetic,pi-shared-cwd,256,3,30872483562,0,198.75304128601482,18190336,18190336,20984050,198868497,1556,2827,1572744743,2101607605
synthetic,pi-shared-cwd,384,3,48865583751,0,187.780423267986,26595328,26406912,1383533701,1897209887,1210,3031,2683149896,3375663012
synthetic,pi-shared-cwd,448,3,59445475886,0,180.68658446940975,31285248,31285248,2305090197,2974800746,1765,3194,2897404395,3646065058
synthetic,pi-shared-cwd,500,3,68055860414,0,175.82615115300834,35741696,35364864,3039471621,3507279175,1741,3175,2780004385,4048883359
synthetic,pi-shared-cwd,576,3,81668800900,0,169.20782291049898,40988672,40988672,4102005025,4725221999,1728,3633,2795959909,4391902632
ipython,pi-shared-cwd,64,3,26296318915,0,58.639386181174174,3780608,3780608,408524,4595031,1842,3310,20370930,34084361
ipython,pi-shared-cwd,128,3,29363919619,0,104.37979805723157,5644288,5644288,8326494,48467611,1305,3424,54779931,208507635
ipython,pi-shared-cwd,192,3,41726602732,0,109.52245571852609,7311360,7311360,183999785,537258486,1738,3163,1530766666,1688803938
ipython,pi-shared-cwd,256,3,65461864266,0,93.733963564905,10518528,10518528,1847046912,2348523367,1784,3157,2483380375,2764285275
ipython,pi-shared-cwd,384,3,122408059557,0,74.96238428424024,18186240,18186240,6296760976,7890763088,1790,3247,3100908455,5201159116
ipython,pi-shared-cwd,448,3,170558156660,0,62.97558680475012,22560768,22425600,10220605186,11703222910,1677,3335,3529858694,7656383056
ipython,pi-shared-cwd,500,3,174778526923,0,68.46378791870532,25284608,25067520,10740376711,12838541934,2017,3277,3006948483,7318081316
ipython,pi-shared-cwd,576,3,190680693901,0,72.47194100927031,28991488,28991488,11875349056,14208263617,2213,3860,4879389958,8436740467
